{"min_max_scaler__age": 153.0, "min_max_scaler__num_bank_accounts": 90.0, "min_max_scaler__num_credit_card": 80.0, "min_max_scaler__num_of_loan": 37.0, "min_max_scaler__delay_from_due_date": 178.0, "min_max_scaler__num_of_delayed_payment": 125.0, "min_max_scaler__changed_credit_limit": 260.0, "min_max_scaler__num_credit_inquiries": 121.0, "min_max_scaler__credit_utilization_ratio": 235.0, "min_max_scaler__credit_history_age": 132.0, "one_hot_encoder__payment_behaviour_High_spent_Large_value_payments": 14.0, "one_hot_encoder__payment_behaviour_High_spent_Medium_value_payments": 5.0, "one_hot_encoder__payment_behaviour_High_spent_Small_value_payments": 12.0, "one_hot_encoder__payment_behaviour_Low_spent_Large_value_payments": 8.0, "one_hot_encoder__payment_behaviour_Low_spent_Medium_value_payments": 15.0, "one_hot_encoder__payment_behaviour_Low_spent_Small_value_payments": 23.0, "caregorical__payment_of_min_amount": 6.0, "log__annual_income": 154.0, "log__monthly_inhand_salary": 139.0, "log__interest_rate": 135.0, "log__outstanding_debt": 199.0, "log__total_emi_per_month": 159.0, "log__amount_invested_monthly": 232.0, "log__monthly_balance": 207.0, "log__prop_deuda_sueldo_anual": 145.0, "log__prop_emi_sueldo": 163.0}