{
  "min_max_scaler__age": 149,
  "min_max_scaler__num_bank_accounts": 105,
  "min_max_scaler__num_credit_card": 108,
  "min_max_scaler__num_of_loan": 29,
  "min_max_scaler__delay_from_due_date": 192,
  "min_max_scaler__num_of_delayed_payment": 133,
  "min_max_scaler__changed_credit_limit": 217,
  "min_max_scaler__num_credit_inquiries": 103,
  "min_max_scaler__credit_utilization_ratio": 195,
  "min_max_scaler__credit_history_age": 119,
  "one_hot_encoder__payment_behaviour_High_spent_Large_value_payments": 26,
  "one_hot_encoder__payment_behaviour_High_spent_Medium_value_payments": 6,
  "one_hot_encoder__payment_behaviour_High_spent_Small_value_payments": 14,
  "one_hot_encoder__payment_behaviour_Low_spent_Large_value_payments": 4,
  "one_hot_encoder__payment_behaviour_Low_spent_Medium_value_payments": 19,
  "one_hot_encoder__payment_behaviour_Low_spent_Small_value_payments": 35,
  "caregorical__payment_of_min_amount": 10,
  "log__annual_income": 121,
  "log__monthly_inhand_salary": 140,
  "log__interest_rate": 158,
  "log__outstanding_debt": 221,
  "log__total_emi_per_month": 170,
  "log__amount_invested_monthly": 233,
  "log__monthly_balance": 185,
  "log__prop_deuda_sueldo_anual": 141,
  "log__prop_emi_sueldo": 167
}